,Feedback,Sentiment,Urgency,Impact,Overall,Priority
1,"I absolutely love the Feedback Boards feature! It allows us to collect customer feedback and feature requests easily. The upvoting tool is a game-changer, as it helps us identify the most popular ideas. It's a fantastic way to engage our users and involve them in the product development process.",5,3,5,4.33,1
2,"The Embeddable Widgets are fantastic! They make it so convenient for our users to provide feedback. We can embed the boards on our website and app, and it has significantly increased user participation. It's a user-friendly and effective feedback capture solution.",5,3,4,4,2
3,"The Private Boards feature has greatly improved our internal collaboration. We can gather feedback and votes privately, and discuss it with our team and management. It streamlines our feedback management process and keeps everyone on the same page. It's an excellent tool for efficient teamwork.",4,2,4,3.33,3
4,I find the Custom Status feature incredibly helpful. It allows us to customize the feedback status based on our team's preferences. It's a great way to track the progress of each feedback item and ensure efficient organization. It's a highly valuable feature for our workflow.,4,2,4,3.33,3
5,"The Upvote Ideas feature is fantastic! Our users can upvote on feature requests and feedback, which helps us prioritize development. It's an effective way to involve our users and let them shape the product. It's a highly appreciated feature by both our team and our customers.",5,3,3,3.67,2
6,"The Custom Tags & Categories feature is useful for organizing feedback. It allows us to categorize feedback into respective buckets. While it helps with organization, it would be even more beneficial if there were additional options for customization. Overall, it's a handy feature.",4,2,4,3.33,3
7,"The ability to Vote on Behalf of different stakeholders is a nice addition. It allows us to gather input from various parties. However, it would be helpful to have more flexibility in defining and managing these stakeholders. It's a good feature, but it could be further improved.",3,1,3,2.33,4
8,"The Internal Comments feature is handy for private discussions within our team. It helps us communicate and collaborate effectively. However, it would be great to have a more robust commenting system that supports attachments and threaded conversations. It's a useful feature, but it has room for improvement.",4,2,3,3,5
9,"The Admin Badge feature is a bit underwhelming. While it serves its purpose as an identifier, it doesn't provide any additional functionality or benefits. It feels more like a cosmetic addition rather than a useful tool. It would be great if it had more practical applications.",2,1,2,1.67,6
10,"The Product Feature Voting Board is a good concept, but it lacks flexibility. It would be more beneficial if we could customize the board further and adapt it to our specific needs. Additionally, the voting mechanism could be improved to provide more insights into user preferences. It's a decent feature, but it has untapped potential.",3,1,3,2.33,4
11,"The Email Notifications feature is a bit inconsistent. Sometimes we receive notifications, and other times we don't, even when there are updates on the board. It's important to have reliable and timely notifications to keep users informed. This feature needs some refinement.",3,2,3,2.67,5
12,"The Customer Segmentation feature has potential, but it currently falls short. It only allows segmentation based on basic user parameters, and we need more advanced options. It would be beneficial to have more granular segmentation capabilities to extract actionable insights. This feature requires further development.",3,2,3,2.67,5
13,"The Mobile App Integration feature is essential for our business, as it allows us to gather feedback from our mobile users seamlessly. It enhances our ability to collect insights and improve user experience on all platforms.",5,3,4,4,2
14,"The Analytics Dashboard feature is incredibly valuable, as it provides us with actionable insights into user feedback trends and sentiment. It helps us make data-driven decisions and prioritize product improvements effectively.",5,3,5,4.33,1
15,"The Customizable Survey Templates feature is a game-changer for us. It enables us to create tailored surveys for specific user segments, allowing us to gather targeted feedback and improve user satisfaction.",5,3,4,4,2
16,"The Integration with Customer Support Systems feature is crucial for our team. It streamlines the feedback management process by syncing customer support tickets with the feedback board, ensuring no feedback is overlooked.",4,2,4,3.33,3
17,"The Advanced Reporting feature is a must-have for us. It provides us with detailed reports on feedback trends, user engagement, and feature requests, enabling us to make informed decisions about product development.",5,3,5,4.33,1
18,"The Feedback Moderation Tools feature is essential for maintaining a healthy feedback environment. It allows us to manage and filter feedback effectively, ensuring that only relevant and constructive feedback is displayed to users.",4,2,4,3.33,3
19,"The Automated Feedback Categorization feature is a time-saver for our team. It automatically categorizes feedback based on predefined criteria, making it easier for us to prioritize and address user concerns.",4,2,4,3.33,3
20,"The Multilingual Support feature is crucial for our global user base. It enables us to collect feedback in multiple languages, ensuring that all users can provide input and participate in shaping the product.",5,3,4,4,2
21,The User Engagement Metrics feature provides us with valuable insights into user behavior and engagement with the feedback boards. It helps us understand how users interact with our product and how we can improve user engagement.,5,3,4,4,2
22,"The Integration with Project Management Tools feature is essential for our team's workflow. It allows us to seamlessly integrate feedback into our project management system, ensuring that all feedback is addressed and tracked effectively.",5,3,4,4,2
23,"The Customizable Feedback Forms feature is a great addition to our feedback collection process. It allows us to create tailored feedback forms for different use cases, ensuring that we gather relevant and actionable feedback from our users.",5,3,4,4,2
24,"The Real-time Feedback Notifications feature is crucial for our team. It ensures that we are notified of new feedback immediately, allowing us to respond promptly and address user concerns in a timely manner.",5,3,4,4,2
25,"The API Integration feature is essential for our technical team. It enables us to integrate the feedback system with our internal tools and systems, ensuring seamless communication and data exchange.",5,3,4,4,2
26,The Gamification Elements feature is a fun way to incentivize user engagement with the feedback boards. It encourages users to participate and provide feedback by offering rewards or recognition for their contributions.,4,2,3,3,3
27,"The User Feedback History feature is valuable for us to track individual user feedback over time. It helps us understand user preferences and behavior, enabling us to personalize our product offerings and improve user satisfaction.",4,2,3,3,3
28,"The Customizable Feedback Widgets feature is essential for our website. It allows us to embed feedback widgets on our site, making it easy for users to provide feedback without leaving the platform.",4,2,3,3,3
29,The Integration with Social Media Platforms feature is crucial for us to gather feedback from social media channels. It enables us to monitor conversations about our product and gather valuable insights from social media users.,4,2,3,3,3
30,"The Machine Learning-powered Sentiment Analysis feature is a game-changer for us. It allows us to analyze user feedback in real-time and identify sentiment trends, enabling us to address issues proactively and improve user satisfaction.",5,3,4,4,2
31,The Advanced Filtering and Search feature is essential for managing large volumes of feedback. It allows us to quickly filter and search through feedback to find relevant information and prioritize actions.,3,5,5,4.33,5
32,"The Integration with Customer Relationship Management (CRM) Systems feature is crucial for us to centralize customer feedback and insights. It enables us to integrate feedback with our CRM system, ensuring that all customer interactions are tracked and managed effectively.",3,5,5,4.33,5
33,"The Integration with Email Marketing Platforms feature is essential for us to gather feedback from our email campaigns. It enables us to collect feedback directly from emails and track user responses, helping us improve our marketing strategies.",3,5,5,4.33,5
34,"The Integration with User Analytics Tools feature is crucial for us to combine feedback data with user behavior analytics. It enables us to gain deeper insights into user preferences and behavior, helping us make data-driven decisions.",3,5,5,4.33,5
35,"The Customizable Feedback Notification feature is essential for us to tailor notifications to specific user segments. It enables us to send targeted notifications based on user actions and preferences, ensuring that users receive relevant information.",3,5,5,4.33,5
36,"The Integration with Customer Satisfaction (CSAT) Surveys feature is crucial for us to gather feedback on customer satisfaction. It enables us to integrate CSAT surveys into our feedback system, helping us measure and improve customer satisfaction levels.",3,5,5,4.33,5
37,"The Integration with Net Promoter Score (NPS) Surveys feature is essential for us to gather feedback on customer loyalty. It enables us to integrate NPS surveys into our feedback system, helping us measure and improve customer loyalty.",3,5,5,4.33,5
38,The Customizable Feedback Response feature is crucial for us to respond to user feedback effectively. It enables us to customize feedback.,3,5,5,4.33,5
